,Python Core - —Ç—Ä–∏–≤–∞–ª—ñ—Å—Ç—å 2 –º—ñ—Å—è—Ü—ñ = 2 –∑–∞–Ω—è—Ç—Ç—è. ,,,,
–ù–æ–º–µ—Ä,–¢–µ–º–∞,–û—Å–Ω–æ–≤—ñ–Ω—ñ –ø–∏—Ç–∞–Ω–Ω—è,–ö–æ–Ω–∫—Ä–µ—Ç–Ω—ñ –ø–∏—Ç–∞–Ω–Ω—è,–©–æ –º–∞—é—Ç—å –∑–∞—Å–≤–æ—ó—Ç–∏ —Å—Ç—É–¥–µ–Ω—Ç–∏,–ü—Ä–µ–∑–µ–Ω—Ç–∞—Ü—ñ—ó
1,–ú–æ–¥—É–ª—å 2. –ö–æ–Ω—Ç—Ä–æ–ª—å –ø–æ—Ç–æ–∫—É —Ç–∞ —Ñ—É–Ω–∫—Ü—ñ—ó,Git / GitHub (–ü—Ä–æ—Ü–µ—Å—Å –∑–¥–∞—á—ñ –î–ó),–Ø–∫ —Å—Ç–≤–æ—Ä–∏—Ç–∏ —Ä–µ–ø–æ–∑–∏—Ç–æ—Ä—ñ–π –Ω–∞ –≥—ñ—Ç—Ö–∞–±—ñ?,"- —Ä–æ–∑—É–º—ñ—Ç–∏ –ø–æ—Ä—è–¥–æ–∫ –≤–∏–∫–æ–Ω–∞–Ω–Ω—è –æ–ø–µ—Ä–∞—Ü—ñ–π —É –≤–∏—Ä–∞–∑—ñ
- —Ä–æ–∑—Ä—ñ–∑–Ω—è—Ç–∏ —Ç–∏–ø–∏ –¥–∞–Ω–∏—Ö
- —Ä–æ–∑—É–º—ñ—Ç–∏ –∫–æ–Ω—Ü–µ–ø—Ü—ñ—é –≤–±—É–¥–æ–≤–∞–Ω–æ—ó —Ñ—É–Ω–∫—Ü—ñ—ó —É Python
- —Å—Ç–≤–æ—Ä—é–≤–∞—Ç–∏ –∑–º—ñ–Ω–Ω—ñ —Ä—ñ–∑–Ω–∏—Ö —Ç–∏–ø—ñ–≤, –ø—Ä–∏—Å–≤–æ—é–≤–∞—Ç–∏ —ó–º —ñ–º–µ–Ω–∞ —Ç–∞ –∑–∞–¥–∞–≤–∞—Ç–∏ –∑–Ω–∞—á–µ–Ω–Ω—è
- —Å—Ç–≤–æ—Ä—é–≤–∞—Ç–∏ –∑–º—ñ–Ω–Ω—ñ —Ä—ñ–∑–Ω–∏—Ö —Ç–∏–ø—ñ–≤, –ø—Ä–∏—Å–≤–æ—é–≤–∞—Ç–∏ —ó–º —ñ–º–µ–Ω–∞ —Ç–∞ –∑–∞–¥–∞–≤–∞—Ç–∏ –∑–Ω–∞—á–µ–Ω–Ω—è
- –≤–º—ñ—Ç–∏ –ø—Ä–∞—Ü—é–≤–∞—Ç–∏ –∑ —á–∏—Å–ª–∞–º–∏, —Ä—è–¥–∫–∞–º–∏ —Ç–∞ —Ç–∏–ø–æ–º None,
- –≤–∏–∫–æ—Ä–∏—Å—Ç–æ–≤—É–≤–∞—Ç–∏ —Ä—ñ–∑–Ω—ñ —Ç–∏–ø–∏ –¥–∞–Ω–∏—Ö —Ç–∞ –≤–±—É–¥–æ–≤–∞–Ω—ñ —Ñ—É–Ω–∫—Ü—ñ—ó.
- –≤–∏–∫–æ–Ω—É–≤–∞—Ç–∏ –±–∞–∑–æ–≤—ñ –æ–ø–µ—Ä–∞—Ü—ñ—ó –Ω–∞–¥ —Ä—è–¥–∫–∞–º–∏
- –≤–º—ñ—Ç–∏ —Ñ–æ—Ä–º—É–≤–∞—Ç–∏ –≤–∏—Ä–∞–∑–∏ –¥–ª—è –æ–±—á–∏—Å–ª–µ–Ω–Ω—è",https://docs.google.com/presentation/d/1vrv7dDoQn28VFKiv3cSyzSgdxndt0OZQ/edit?usp=sharing&ouid=109008746935150839856&rtpof=true&sd=true
,,,–Ø–∫ —Å–∫–ª–æ–Ω—É–≤–∞—Ç–∏ —Ä–µ–ø–æ–∑–∏—Ç–æ—Ä—ñ–π —Å–æ–±—ñ –Ω–∞ –ü–ö?,,
,,,–Ø–∫ —Å—Ç–≤–æ—Ä–∏—Ç–∏ —Ç–∞ –¥–æ–¥–∞—Ç–∏ —Ñ–∞–π–ª–∏ –¥–æ –∫–æ–º–º—ñ—Ç—É?,,
,,,–Ø–∫ –∑—Ä–æ–±–∏—Ç–∏ –∫–æ–º–º—ñ—Ç?,,
,,,–Ø–∫ –∑–∞–ª–∏—Ç–∏ —Å–≤—ñ–π –∫–æ–¥ –Ω–∞ —Ä–µ–ø–æ–∑–∏—Ç–æ—Ä—ñ–π?,,
,,,–Ø–∫ –æ—Ç—Ä–∏–º–∞—Ç–∏ –∞—Ä—Ö—ñ–≤?,,
,,VSCode,–Ø–∫ –≤—ñ–¥–∫—Ä–∏—Ç–∏ –ø–∞–ø–∫—É –≤ VSCode?,,
,,,–Ø–∫—ñ —Ä–æ–∑—à–∏—Ä–µ–Ω–Ω—è –ø–æ—Ç—Ä—ñ–±–Ω—ñ –¥–ª—è –Ω–∞–≤—á–∞–Ω–Ω—è? (Python + Pylance),,
,,–û—Å–Ω–æ–≤–∏ –ø–∞–π—Ç–æ–Ω–∞,–Ø–∫ –æ—Ç—Ä–∏–º—É–≤–∞—Ç–∏ –≤–≤–µ–¥–µ–Ω–Ω—è —á–µ—Ä–µ–∑ input —Ç–∞ –≤–∏–≤–æ–¥–∏—Ç–∏ —á–µ—Ä–µ–∑ print?,,
,,,–Ø–∫ –Ω–∞–ø–∏—Å–∞—Ç–∏ —Ñ—É–Ω–∫—Ü—ñ—é —Ç–∞ –≤–∏–∫–ª–∏–∫–∞—Ç–∏ —ó—ó –≤ —Å–≤–æ–º—É –∫–æ–¥—ñ?,,
,,,–ù–∞–ø–∏—Å–∞—Ç–∏ –ø—Ä–æ—Å—Ç—É —Ñ—É–Ω–∫—Ü—ñ—é –¥–ª—è –ø–æ—à—É–∫—É –ª—ñ—Ç–µ—Ä–∏ —É —Ç–µ–∫—Å—Ç—ñ —á–µ—Ä–µ–∑ for,,
,,,–ù–∞–ø–∏—Å–∞—Ç–∏ –ø—Ä–æ—Å—Ç—É —Ñ—É–Ω–∫—Ü—ñ—é –¥–ª—è –ø–æ—à—É–∫—É –ª—ñ—Ç–µ—Ä–∏ —É —Ç–µ–∫—Å—Ç—ñ —á–µ—Ä–µ–∑ –º–µ—Ç–æ–¥–∏ —Ä—è–¥–∫—ñ–≤,,
,,,–ü–æ–∫–∞–∑–∞—Ç–∏ –≤ –¥–æ–∫—É–º–µ–Ω—Ç–∞—Ü—ñ—ó—ó –º–µ—Ç–æ–¥–∏ —Ä—è–¥–∫—ñ–≤,,
,,,–Ø–∫ –∑–∞–ø—É—Å—Ç–∏—Ç–∏ –¥–µ–±–∞–≥ –≤ VSCode —Ç–∞ –ø–æ–¥–∏–≤–∏—Ç–∏—Å—å —è–∫ –∑–º—ñ–Ω—é—é—Ç—å—Å—è –∑–Ω–∞—á–µ–Ω–Ω—è –≤ –ø–æ–ø–µ—Ä–µ–¥–Ω—ñ–π —Ñ—É–Ω–∫—Ü—ñ—ó,,
,,,"–ù–∞–ø–∏—Å–∞—Ç—Ç–∏ —Ñ—É–Ω–∫—Ü—ñ—ó –¥–ª—è –≤–∏–≤–µ–¥–µ–Ω–Ω—è —Ç–µ–∫—Å—Ç—É –∑ –≤–µ–ª–∏–∫–æ—ó –ª—ñ—Ç–µ—Ä–∏, —É –≤–µ—Ä—Ö–Ω—å–æ–º—É —Ä–µ–≥—ñ—Å—Ç—Ä—ñ —Ç–∞ —É –Ω–∏–∂–Ω—å–æ–º—É —Ä–µ–≥—ñ—Å—Ç—Ä—ñ",,
,,,–ù–∞–ø–∏—Å–∞—Ç–∏ —Ñ—É–Ω–∫—Ü—ñ—é —è–∫–∞ –±—É–¥–µ —Ä–∞—Ö—É–≤–∞—Ç–∏ –ø–ª–æ—â–∏–Ω—É —Ç—Ä–∏–∫—É—Ç–Ω–∏–∫–∞,,
2,–ú–æ–¥—É–ª—å 4. –†–æ–±–æ—Ç–∞ –∑ —Ñ–∞–π–ª–∞–º–∏ —Ç–∞ –º–æ–¥—É–ª—å–Ω–∞ —Å–∏—Å—Ç–µ–º–∞,–ú–æ–¥—É–ª—å datetime,–Ø–∫ –ø—Ä–∞—Ü—é—é—Ç—å strptime —Ç–∞ strftime?,"- –∑–Ω–∞—Ç–∏ —è–∫ –ø—Ä–∞—Ü—é–≤–∞—Ç–∏ –∑ –¥–∞—Ç–∞–º–∏ –∑–∞ –¥–æ–ø–æ–º–æ–≥–æ—é –º–æ–¥—É–ª—é datetime
- –∑–Ω–∞—Ç–∏ —è–∫ –≤–∏–∫–æ—Ä–∏—Å—Ç–æ–≤—É–≤–∞—Ç–∏ –º–µ—Ç–æ–¥ `weekday()`
- –∑–Ω–∞—Ç–∏ —è–∫ —Å—Ç–≤–æ—Ä—é–≤–∞—Ç–∏ –∫–ª–∞—Å `timedelta`
- –∑–Ω–∞—Ç–∏ —è–∫ –ø—Ä–∞—Ü—é–≤–∞—Ç–∏ –∑ `timestamp`
- –∑–Ω–∞—Ç–∏ —è–∫ –≤–∏–∫–æ—Ä–∏—Å—Ç–æ–≤—É—î—Ç—å—Å—è –º–µ—Ç–æ–¥ `strftime`
- –∑–Ω–∞—Ç–∏ –ø—Ä–∏–Ω—Ü–∏–ø–∏ —Ä–æ–±–æ—Ç–∏ –∑ –≤–∏–ø–∞–¥–∫–æ–≤–∏–º–∏ –≤–µ–ª–∏—á–∏–Ω–∞–º–∏
- –∑–Ω–∞—Ç–∏ —è–∫ –ø—Ä–∞—Ü—é–≤–∞—Ç–∏ –∑ –ø–∞–∫–µ—Ç–æ–º `math`
- –∑–Ω–∞—Ç–∏ —Å–ø–æ—Å–æ–±–∏ –ø–æ—Ä—ñ–≤–Ω—è–Ω–Ω—è —á–∏—Å–µ–ª —É Python
- –≤–º—ñ—Ç–∏ –ø—Ä–∞—Ü—é–≤–∞—Ç–∏ –∑ —Ä–µ–≥—É–ª—è—Ä–Ω–∏–º–∏ –≤–∏—Ä–∞–∑–∞–º–∏ –≤ Python, –≤–∏–∫–æ—Ä–∏—Å—Ç–æ–≤—É—é—á–∏ —Ñ—É–Ω–∫—Ü—ñ—ó search, findall, sub
- –≤–∏–∫–æ–Ω—É–≤–∞—Ç–∏ —Ä—ñ–∑–Ω–æ–º–∞–Ω—ñ—Ç–Ω—ñ –æ–ø–µ—Ä–∞—Ü—ñ—ó –∑ —Ä—è–¥–∫–∞–º–∏ (–≤–∏–¥–∞–ª–µ–Ω–Ω—è —Å–∏–º–≤–æ–ª—ñ–≤, –ø–æ—à—É–∫ –∫–ª—é—á–æ–≤–∏—Ö —Å–ª—ñ–≤ –≤ —Ç–µ–∫—Å—Ç—ñ, —Ç–æ—â–æ)
- –≤–∏–∫–æ—Ä–∏—Å—Ç–æ–≤—É–≤–∞—Ç–∏ —Ä–µ–≥—É–ª—è—Ä–Ω—ñ –≤–∏—Ä–∞–∑–∏ –¥–ª—è –≤–∏—Ä—ñ—à–µ–Ω–Ω—è –ø—Ä–∞–∫—Ç–∏—á–Ω–∏—Ö –∑–∞–¥–∞—á
- —Ä–æ–∑—É–º—ñ—Ç–∏ –∫–æ–Ω—Ü–µ–ø—Ü—ñ—é —Ñ–∞–π–ª–æ–≤–∏—Ö –¥–µ—Å–∫—Ä–∏–ø—Ç–æ—Ä—ñ–≤ –≤ Python
- –≤–º—ñ—Ç–∏ —á–∏—Ç–∞—Ç–∏ —Ç–µ–∫—Å—Ç–æ–≤—ñ —Ñ–∞–π–ª–∏
- –∑–Ω–∞—Ç–∏ —â–æ —Ç–∞–∫–µ –ø–∞–∫–µ—Ç–∏ —Ç–∞ –º–æ–¥—É–ª—ñ
- —Å—Ç–≤–æ—Ä—é–≤–∞—Ç–∏ –≤–ª–∞—Å–Ω—ñ –ø–∞–∫–µ—Ç–∏ —ñ –≤—Å—Ç–∞–Ω–æ–≤–ª—é–≤–∞—Ç–∏ —ó—Ö
- –≤–º—ñ—Ç–∏ —Å—Ç–≤–æ—Ä—é–≤–∞—Ç–∏ –≤—ñ—Ä—Ç—É–∞–ª—å–Ω–µ –æ—Ç–æ—á–µ–Ω–Ω—è
- –ø–µ—Ä–µ–¥–∞–≤–∞—Ç–∏ —ñ –æ–±—Ä–æ–±–ª—è—Ç–∏ –ø–∞—Ä–∞–º–µ—Ç—Ä–∏ –ø—Ä–∏ –≤–∏–∫–ª–∏–∫—É",https://docs.google.com/presentation/d/1_8KFQ1-TYcQXLVxwDBqTeE6GqMl5zftK/edit?usp=sharing&ouid=109008746935150839856&rtpof=true&sd=true
,,,–Ø–∫ –¥—ñ—Å—Ç–∞—Ç–∏ timedelta –∑ –¥–≤–æ—Ö datetime?,,
,,,"–ù–∞–ø–∏—Å–∞—Ç–∏ —Ñ—É–Ω–∫—Ü—ñ—é, —è–∫–∞ –ø–æ—Å–æ—Ä—Ç—É—î –¥–∞—Ç–∏ –ø–æ –¥–Ω—è—Ö —Ç–∏–∂–Ω—è",,
,,–ú–æ–¥—É–ª—å math,–ü–æ—Ä–∞—Ö—É–≤–∞—Ç–∏ –ø–ª–æ—â—É –∫–æ–ª–∞,,
,,–ó–∞–≥–∞–ª—å–Ω–∏–π –ø–∞–π—Ç–æ–Ω,–ü–µ—Ä–µ–¥–∞—Ç–∏ –ø–∞—Ä–∞–º–µ—Ç—Ä–∏ –¥–ª—è –≤–∏—Ä–∞—Ö–æ–≤—É–≤–∞–Ω–Ω—è –ø–ª–æ—â—ñ –∫–æ–ª–∞ —á–µ—Ä–µ–∑ –∫–æ–º–∞–Ω–¥–Ω–∏–π —Ä—è–¥–æ–∫,,
,,,"–Ø–∫ –ø—Ä–∞—Ü—é—î (a, b) < (c, d)?",,
,,random,–ù–∞–ø–∏—Å–∞—Ç–∏ —Ñ—É–Ω–∫—Ü—ñ—é –¥–ª—è –≥–µ–Ω–µ—Ä—É–≤–∞–Ω–Ω—è –≤–∏–ø–∞–¥–∫–æ–≤–æ–≥–æ –ø–∞—Ä–æ–ª—è,,
,,regexp,–í —á–æ–º—É —Ä—ñ–∑–Ω–∏—Ü—è –º—ñ–∂ findall —Ç–∞ search?,,
,,,"–ù–∞–ø–∏—Å–∞—Ç–∏ —Ñ—É–Ω–∫—Ü—ñ—é, —è–∫–∞ –±—É–¥–µ –∑–Ω–∞—Ö–æ–¥–∏—Ç–∏ —É—Å—ñ —Ö–µ—à—Ç–µ–≥–∏ —É —Ä–µ—á–µ–Ω–Ω—ñ",,
,,,"–ù–∞–ø–∏—Å–∞—Ç–∏ —Ñ—É–Ω–∫—Ü—ñ—é, —è–∫–∞ –∑–∞–º—ñ–Ω–∏—Ç—å emoji –Ω–∞ ascii-emoji [üòÄ -> :)] –ü–æ—è—Å–Ω–∏—Ç–∏ —â–æ —Ç–∞–∫–µ utf —Ç–∞–±–ª–∏—Ü—è —Å–∏–º–≤–æ–ª—ñ–≤",,
,,pip —Ç–∞ venv,–ü–æ–∫–∞–∑–∞—Ç–∏ —è–∫ —Å—Ç–≤–æ—Ä–∏—Ç–∏ —Ç–∞ –∞–∫—Ç–∏–≤—É–≤–∞—Ç–∏ –≤—ñ—Ä—Ç—É–∞–ª—å–Ω–µ –æ—Ç–æ—á–µ–Ω–Ω—è,,
,,,–ü–æ–∫–∞–∑–∞—Ç–∏ —è–∫ –≤—ñ–¥—Ä—ñ–∑–Ω–∏—Ç–∏ —á–∏ –∞–∫—Ç–∏–≤–æ–≤–∞–Ω–µ –æ—Ç–æ—á–µ–Ω–Ω—è —á–∏ –Ω—ñ,,
,,,"–í—Å—Ç–∞–Ω–æ–≤–∏—Ç–∏ colorama —Ç–∞ –ø–æ–∫–∞–∑–∞—Ç–∏ –¥–µ —à—É–∫–∞—Ç–∏ –¥–æ–∫—É–º–µ–Ω—Ç–∞—Ü—ñ—é, –ø–æ–∫–∞–∑–∞—Ç–∏ –ø—Ä–∏–∫–ª–∞–¥",,
,,–§–∞–π–ª–∏,"–ü–æ–∫–∞–∑–∞—Ç–∏ —è–∫ –≤—ñ–¥–∫—Ä–∏–≤–∞—Ç–∏ —Ñ–∞–π–ª, –∑—Ä–æ–±–∏—Ç–∏ –∫–æ–ø—ñ—é —Ñ–∞–π–ª—É",,
3,–ú–æ–¥—É–ª—å 6. –û—Å–Ω–æ–≤–∏ —Ä–æ–±–æ—Ç–∏ –∑ –∫–ª–∞—Å–∞–º–∏,–§—É–Ω–∫—Ü—ñ–æ–Ω–∞–ª—å–Ω–µ –ø—Ä–æ–≥—Ä–∞–º—É–≤–∞–Ω–Ω—è,"–†–æ–∑—ñ–±—Ä–∞—Ç–∏ —Ä–µ–∫—É—Ä—Å—ñ—é –Ω–∞ –ø—Ä–∏–∫–ª–∞–¥—ñ —Å—É–º–º–∏. –ü–æ–∫–∞–∑–∞—Ç–∏ —è–∫ —Å–ø–æ—á–∞—Ç–∫—É –∑–±—ñ–ª—å—à—É–µ—Ç—å—Å—è —Ä—ñ–≤–µ–Ω—å, –∞ –ø–æ—Ç—ñ–º –≤–∏—Ö–æ–¥–∏—Ç—å –Ω–∞–≥–æ—Ä—É","- –∑–∞–±–µ–∑–ø–µ—á—É–≤–∞—Ç–∏ —Ç–æ—á–Ω—ñ—Å—Ç—å –≤ –æ–±—á–∏—Å–ª–µ–Ω–Ω—è—Ö, –ø–æ–≤'—è–∑–∞–Ω–∏—Ö –∑ –¥–µ—Å—è—Ç–∫–æ–≤–∏–º–∏ —á–∏—Å–ª–∞–º–∏, –≤–∏–∫–æ—Ä–∏—Å—Ç–æ–≤—É—é—á–∏ –º–æ–¥—É–ª—å decimal
- –æ–ø—Ç–∏–º—ñ–∑—É–≤–∞—Ç–∏ –∫–æ–¥ –∑–∞ –¥–æ–ø–æ–º–æ–≥–æ—é –≤–∏—Ä–∞–∑—ñ–≤ comprehensions –≤ Python
- —Å—Ç–≤–æ—Ä—é–≤–∞—Ç–∏ —ñ –∑–∞—Å—Ç–æ—Å–æ–≤—É–≤–∞—Ç–∏ –∞–Ω–æ–Ω—ñ–º–Ω—ñ (lambda) —Ñ—É–Ω–∫—Ü—ñ—ó
- –∑–Ω–∞—Ç–∏ —ñ—Ç–µ—Ä–∞—Ç–æ—Ä–∏ —Ç–∞ –≥–µ–Ω–µ—Ä–∞—Ç–æ—Ä–∏ (iterators/generators) –≤ Python
- –≤–∏–∫–æ—Ä–∏—Å—Ç–æ–≤—É–≤–∞—Ç–∏ –∫–ª—é—á–æ–≤–µ —Å–ª–æ–≤–æ ""yield"" –¥–ª—è —Å—Ç–≤–æ—Ä–µ–Ω–Ω—è –≥–µ–Ω–µ—Ä–∞—Ç–æ—Ä–Ω–∏—Ö —Ñ—É–Ω–∫—Ü—ñ–π
- –∑–Ω–∞—Ç–∏ —Ç–∏ –≤–º—ñ—Ç–∏ –≤–∏–∫–æ—Ä–∏—Å—Ç–æ–≤—É–≤–∞—Ç–∏ —Ñ—É–Ω–∫—Ü—ñ—ó map —Ç–∞ filter
- –∑–Ω–∞—Ç–∏, —â–æ —Ç–∞–∫–µ –∫–ª–∞—Å–∏ –≤ Python —Ç–∞ —ó—Ö —Ä–æ–ª—å –≤ –û–û–ü.
- —Ä–æ–∑—É–º—ñ—Ç–∏ —Ä—ñ–∑–Ω–∏—Ü—é –º—ñ–∂ –∫–ª–∞—Å–æ–º —Ç–∞ –æ–±'—î–∫—Ç–æ–º.
- –≤–º—ñ—Ç–∏ —Å—Ç–≤–æ—Ä—é–≤–∞—Ç–∏ –∫–ª–∞—Å–∏ —Ç–∞ –æ–±'—î–∫—Ç–∏
- —Ä–æ–∑—É–º—ñ—Ç–∏, —è–∫ –ø—Ä–∞—Ü—é—é—Ç—å –∞—Ç—Ä–∏–±—É—Ç–∏ –∫–ª–∞—Å—É, –ø–æ–ª—è —Ç–∞ –º–µ—Ç–æ–¥–∏
- —Ä–æ–∑—É–º—ñ—Ç–∏, —è–∫ –ø—Ä–∞—Ü—é—î –∫–æ–Ω—Å—Ç—Ä—É–∫—Ç–æ—Ä –∫–ª–∞—Å—É
- —Ä–æ–∑—É–º—ñ—Ç–∏, —â–æ —Ç–∞–∫–µ —É—Å–ø–∞–¥–∫—É–≤–∞–Ω–Ω—è —Ç–∞ —è–∫ –π–æ–≥–æ –∑–∞—Å—Ç–æ—Å–æ–≤—É–≤–∞—Ç–∏
- —Ä–æ–∑—É–º—ñ—Ç–∏, —â–æ —Ç–∞–∫–µ Method Resolution Order (MRO) —Ç–∞ —è–∫ –≤—ñ–Ω –≤–∏–∑–Ω–∞—á–∞—î –ø–æ—Ä—è–¥–æ–∫ —Å–ø–∞–¥–∫—É–≤–∞–Ω–Ω—è",https://docs.google.com/presentation/d/16DfmEmnxtXCOPS6m14q5LJUSUPpyGkD0/edit?usp=sharing&ouid=109008746935150839856&rtpof=true&sd=true
,,,–ù–∞–ø–∏—Å–∞—Ç–∏ —Ñ—É–Ω–∫—Ü—ñ—é –¥–ª—è –ø—ñ–¥—Ä–∞—Ö—É–Ω–∫—É —Å—É–º–∏ –∑ Decimal —Ç–∞ –±–µ–∑,,
,,,"–ù–∞–ø–∏—Å–∞—Ç–∏ —Ñ—É–Ω–∫—Ü—ñ—é-–≥–µ–Ω–µ—Ä–∞—Ç–æ—Ä, —è–∫–∞ –ø–æ–≤–µ—Ä—Ç–∞—î n-–≤–∏–ø–∞–¥–∫–æ–≤–∏—Ö —á–∏—Å–µ–ª. –í–∏–∫–æ—Ä–∏—Å—Ç–∞—Ç–∏ next —Ç–∞ for",,
,,,"–ù–∞–ø–∏—Å–∞—Ç–∏ —Ñ—É–Ω–∫—Ü—ñ—é, —è–∫–∞ —Ñ—ñ–ª—å—Ç—Ä—É—î —Å–ª–æ–≤–∞ –¥–æ–≤—à—ñ –∑–∞ 3 —Å–∏–º–≤–æ–ª–∏ –∑–∞ –¥–æ–ø–æ–º–æ–≥–æ—é —Ü–∏–∫–ª—É for",,
,,,"–ù–∞–ø–∏—Å–∞—Ç–∏ —Ñ—É–Ω–∫—Ü—ñ—é, —è–∫–∞ —Ñ—ñ–ª—å—Ç—Ä—É—î —Å–ª–æ–≤–∞ –¥–æ–≤—à—ñ –∑–∞ 3 —Å–∏–º–≤–æ–ª–∏ –∑–∞ –¥–æ–ø–æ–º–æ–≥–æ—é list comprehensions",,
,,,"–ù–∞–ø–∏—Å–∞—Ç–∏ —Ñ—É–Ω–∫—Ü—ñ—é, —è–∫–∞ —Ñ—ñ–ª—å—Ç—Ä—É—î —Å–ª–æ–≤–∞ –¥–æ–≤—à—ñ –∑–∞ 3 —Å–∏–º–≤–æ–ª–∏ –∑–∞ –¥–æ–ø–æ–º–æ–≥–æ—é lambda —Ç–∞ filter",,
,,,"–ù–∞–ø–∏—Å–∞—Ç–∏ –¥–µ–∫–æ—Ä–∞—Ç–æ—Ä, —è–∫–∏–π —Ä–∞—Ö—É—î —á–∞—Å –≤–∏–∫–æ–Ω–∞–Ω–Ω—è —Ñ—É–Ω–∫—Ü—ñ—ó",,
,,–û–û–ü,"–ù–∞–ø–∏—Å–∞—Ç–∏ –ø—Ä–æ—Å—Ç–∏–π –∫–ª–∞—Å Person, —Å—Ç–≤–æ—Ä–∏—Ç–∏ –æ–± º—î–∫—Ç–∏",,
,,,"–ù–∞–ø–∏—Å–∞—Ç–∏ –ø—Ä–æ—Å—Ç–∏–π –∫–ª–∞—Å Address, —Å–≤–æ—Ä–∏—Ç–∏ –æ–± º—î–∫—Ç–∏",,
,,,"–ó–º—ñ–Ω–∏—Ç–∏ Person —Ç–∞–∫, —â–æ–± –≤—ñ–Ω –º–∞–≤ –≤—Å–µ—Ä–µ–¥–∏–Ω—ñ –æ–± º—î–∫—Ç Address, –¥–µ—Ç–∞–ª—å–Ω–æ –ø–æ–∫–∞–∑–∞—Ç–∏ —è–∫ –º–æ–∂–Ω–∞ –∑ –Ω–∏–º–∏ –ø—Ä–∞—Ü—é–≤–∞—Ç–∏",,
,,,"–ó–º—ñ–Ω–∏—Ç–∏ Person —Ç–∞–∫, —â–æ–± –≤—ñ–Ω –º–∞–≤ —Å–ø–∏—Å–æ–∫ –∑ Address, –¥–µ—Ç–∞–ª—å–Ω–æ –ø–æ–∫–∞–∑–∞—Ç–∏ —è–∫ –∑ –Ω–∏–º–∏ –ø—Ä–∞—Ü—é–≤–∞—Ç–∏",,
,,,–î–æ–¥–∞—Ç–∏ –¥–æ Person –¥–∞—Ç—É –Ω–∞—Ä–æ–¥–∂–µ–Ω–Ω—è —Ç–∞ –Ω–∞–ø–∏—Å–∞—Ç–∏ –º–µ—Ç–æ–¥ –¥–ª—è –≤–∏—Ä–∞—Ö–æ–≤—É–≤–∞–Ω–Ω—è –≤—ñ–∫—É,,
,,,"–î–æ–¥–∞—Ç–∏ –¥–æ Person –º–µ—Ç–æ–¥ info, —è–∫–∏–π –ø–æ–≤–µ—Ä—Ç–∞—î —Ä—è–¥–æ–∫-—ñ–Ω—Ñ–æ—Ä–º–∞—Ü—ñ—é –ø—Ä–æ –ª—é–¥–∏–Ω—É",,
,,,"–ù–∞–ø–∏—Å–∞—Ç–∏ –∫–ª–∞—Å Employee, —è–∫–∏–π –Ω–∞—Å–ª—ñ–¥—É—î Person —Ç–∞ –º–∞—î salary. –î–æ–¥–∞—Ç–∏ –π–æ–º—É —Å–≤—ñ–π info",,
,,,"–ù–∞–ø–∏—Å–∞—Ç–∏ –∫–ª–∞—Å Child, —è–∫–∏–π –Ω–∞—Å–ª—ñ–¥—É—î Person —Ç–∞ –º–∞—î –ø–æ—Å–∏–ª–∞–Ω–Ω—è –Ω–∞ –±–∞—Ç—å–∫–∞ —Ç–∞ –º–∞–º—É. –î–æ–¥–∞—Ç–∏ –π–æ–º—É —Å–≤—ñ–π info",,
,,,"–ü–æ–∫–∞–∑–∞—Ç–∏ MRO –¥–ª—è –º–µ—Ç–æ–¥—ñ–≤ info –¥–ª—è Child, Person —Ç–∞ Employee",,
4,–ú–æ–¥—É–ª—å 8. –°–µ—Ä—ñ–∞–ª—ñ–∑–∞—Ü—ñ—è —Ç–∞ –∫–æ–ø—ñ—é–≤–∞–Ω–Ω—è –æ–±'—î–∫—Ç—ñ–≤ –≤ Python,–û–û–ü,"–ù–∞–ø–∏—Å–∞—Ç–∏ –∫–ª–∞—Å User, –¥–æ–¥–∞—Ç–∏ –π–æ–º—É –ø–æ–ª—è email —Ç–∞ password, –ø—Ä–∏—Ö–æ–≤–∞—Ç–∏ –ø–æ–ª–µ password –∑–∞ –¥–æ–ø–æ–º–æ–≥–æ—é –≥–µ—Ç—Ç–µ—Ä–∞","- –≤–º—ñ—Ç–∏ –¥–æ–¥–∞–≤–∞—Ç–∏ —Ç–∞ –≤–∏–∫–æ—Ä–∏—Å—Ç–æ–≤—É–≤–∞—Ç–∏ –∞—Ç—Ä–∏–±—É—Ç–∏ –∫–ª–∞—Å—É, –ø–æ–ª—è —Ç–∞ –º–µ—Ç–æ–¥–∏
- —Ä–æ–∑—É–º—ñ—Ç–∏ –ø—Ä–æ—Ü–µ—Å —Å–µ—Ä—ñ–∞–ª—ñ–∑–∞—Ü—ñ—ó –æ–±'—î–∫—Ç—ñ–≤ Python, —Ü—ñ–ª—å —Ç–∞ –Ω–µ–æ–±—Ö—ñ–¥–Ω—ñ—Å—Ç—å —Ü—å–æ–≥–æ –ø—Ä–æ—Ü–µ—Å—É
- –∑–∞—Å—Ç–æ—Å–æ–≤—É–≤–∞—Ç–∏ –º–µ—Ç–æ–¥–∏ —Å–µ—Ä—ñ–∞–ª—ñ–∑–∞—Ü—ñ—ó/–¥–µ—Å–µ—Ä—ñ–∞–ª—ñ–∑–∞—Ü—ñ—ó –æ–±'—î–∫—Ç—ñ–≤ Python –∑–∞ –¥–æ–ø–æ–º–æ–≥–æ—é –±—ñ–±–ª—ñ–æ—Ç–µ–∫–∏ pickle
- –≤–∏–∫–æ—Ä–∏—Å—Ç–æ–≤—É–≤–∞—Ç–∏ –±—ñ–±–ª—ñ–æ—Ç–µ–∫—É json –¥–ª—è —Å–µ—Ä—ñ–∞–ª—ñ–∑–∞—Ü—ñ—ó/–¥–µ—Å–µ—Ä—ñ–∞–ª—ñ–∑–∞—Ü—ñ—ó –æ–±'—î–∫—Ç—ñ–≤ Python
- –≤–º—ñ—Ç–∏ –ø—Ä–∞—Ü—é–≤–∞—Ç–∏ –∑ —Ç–∞–±–ª–∏—Ü—è–º–∏ CSV —É Python, –∑—á–∏—Ç—É–≤–∞—Ç–∏ —Ç–∞ –∑–∞–ø–∏—Å—É–≤–∞—Ç–∏ –¥–∞–Ω—ñ
- —É–ø—Ä–∞–≤–ª—è—Ç–∏ –ø–æ—Ä—è–¥–∫–æ–º —Å–µ—Ä—ñ–∞–ª—ñ–∑–∞—Ü—ñ—ó –∑–∞ –¥–æ–ø–æ–º–æ–≥–æ—é –º–µ—Ç–æ–¥—ñ–≤ getstate —Ç–∞ setstate —É Python",https://docs.google.com/presentation/d/1dZehIEklGlOe4a_EES6sTsnNuXJibI8I/edit?usp=sharing&ouid=109008746935150839856&rtpof=true&sd=true
,,,"–î–æ–¥–∞—Ç–∏ –¥–æ User —Å–µ—Ç—Ç–µ—Ä –¥–ª—è –ø–∞—Ä–æ–ª—é, —è–∫–∏–π –±—É–¥–µ –π–æ–≥–æ —Ö–µ—à—É–≤–∞—Ç–∏",,
,,,–ü–æ–∫–∞–∑–∞—Ç–∏ —â–æ –ø–∞—Ä–æ–ª—å –≤—Å–µ-–æ–¥–Ω–æ –º–æ–∂–Ω–∞ –¥—ñ—Å—Ç–∞—Ç–∏ –∑ User —á–µ—Ä–µ–∑ _User__password,,
,,,"–Ø–∫ –≤ –ø–∞–π—Ç–æ–Ω—ñ —Ä–µ–∞–ª—ñ–∑—É–≤–∞—Ç–∏ –∫–æ–Ω—Å—Ç–∞–Ω—Ç–∏, —è–∫—ñ –Ω–µ –º–æ–∂–Ω–∞ –∑–º—ñ–Ω–∏—Ç–∏? (Enum)",,
,,–°–µ—Ä—ñ–∞–ª—ñ–∑–∞—Ü—ñ—è,"–î–æ–¥–∞—Ç–∏ –∫–ª–∞—Å—Å Address, –¥–æ–¥–∞—Ç–∏ –¥–æ User. —Å–µ—Ä—ñ–∞–ª—ñ–∑—É–≤–∞—Ç–∏ –∑–∞ –¥–æ–ø–æ–º–æ–≥–æ—é pickle",,
,,,–ó–∞ –¥–æ–ø–æ–º–æ–≥–æ—é getstate –∑–∞–ø–∏—Å–∞—Ç–∏ id –∫–æ—Ä–∏—Å—Ç—É–≤–∞—á–∞ —Ç–∞ —Å–µ—Ä—ñ–∞–ª—ñ–∑—É–≤–∞—Ç–∏ –∑–∞ –¥–æ–ø–æ–º–æ–≥–æ—é pickle,,
,,,–ó–∞ –¥–æ–ø–æ–º–æ–≥–æ—é setstate –¥–æ–¥–∞—Ç–∏ –¥–æ emial id –∫–æ—Ä–∏—Å—Ç—É–≤–∞—á–∞ —Ç–∞ –¥–µ—Å–µ—Ä—ñ–∞–ª—ñ–∑—É–≤–∞—Ç–∏ –∑–∞ –¥–æ–ø–æ–º–æ–≥–æ—é pickle,,
,,,–°–µ—Ä—ñ–∞–ª—ñ–∑—É–≤–∞—Ç–∏ User –≤ json,,
,,,–ß–∏ —î —è–∫–∏–π—Å—å –≤–∞—Ä—ñ–∞–Ω—Ç –¥–µ—Å–µ—Ä–µ–∞–ª—ñ–∑–∞—Ü—ñ—ó JSON-—Ç–∞ —â–æ –ø–æ–≤–µ—Ä—Ç–∞—î —Ä–µ–∞–ª—å–Ω–∏–π –æ–±'—î–∫—Ç –∞ –Ω–µ –¥–µ—Å–µ—Ä–µ–∞–ª—ñ–∑–æ–≤–∞–Ω–∏–π —Å–ª–æ–≤–Ω–∏–∫?,,
,,,–°—Ç–≤–æ—Ä–∏—Ç–∏ CSV —Ç–∞–±–ª–∏—Ü—é –¥–ª—è User,,